{
    "input_size": 3,
    "layer_size_vectors": [
        [
            3,
            "sigmoid"
        ],
        [
            10,
            "sigmoid"
        ],
        [
            12,
            "sigmoid"
        ],
        [
            10,
            "sigmoid"
        ],
        [
            3,
            "sigmoid"
        ]
    ],
    "learning_rate": -0.01,
    "weight_initializer": "simple",
    "l2_penalty": 0.01,
    "regularization_method": "none",
    "weights_set": [
        [
            [
                -0.29786014523278087,
                1.5380756492286527,
                -2.1882628513080684
            ],
            [
                -0.6423542775769707,
                -0.12512609138650568,
                -2.4973877312529558
            ],
            [
                -1.5479937186758594,
                0.7725927620517044,
                0.7607264798168808
            ]
        ],
        [
            [
                -1.4271392894846375,
                0.9885889963875807,
                -2.937016814724787
            ],
            [
                0.11275585660471565,
                -0.2874116721069661,
                -0.46314409294106706
            ],
            [
                -2.9631822362350495,
                -0.5694339798067364,
                0.1004108168883326
            ],
            [
                -3.0154533964963415,
                0.6462837320673078,
                -1.8426983349102661
            ],
            [
                -0.980694335655869,
                -2.5381446003811217,
                -2.3248247297318616
            ],
            [
                -1.416223073681855,
                0.3483606209514916,
                -0.4089156443246005
            ],
            [
                -0.9170581652033338,
                -0.28495942892490184,
                -3.0254349764656947
            ],
            [
                -1.6231467230311065,
                -0.5775769527287664,
                -0.9259952487854665
            ],
            [
                0.35336720513401787,
                0.4869143454179316,
                -2.9783468131692783
            ],
            [
                -2.1196742519707636,
                0.07055778961688325,
                -2.509714045095522
            ]
        ],
        [
            [
                0.5450439218630387,
                1.0970978842127406,
                -0.4960664096271196,
                -1.1280530892462937,
                -0.92613144438773,
                0.07037635760199482,
                -0.29315043179100814,
                -1.355854960221998,
                0.9300586353674714,
                -1.4756190704656138
            ],
            [
                0.40296240334517097,
                0.7923312730331713,
                -2.440034317764035,
                -1.4984049429784128,
                0.12194500991148369,
                -2.2906398076890255,
                -1.3221293989796683,
                -1.944243754236035,
                0.9842213795109118,
                -0.7034944785081986
            ],
            [
                -0.5483459423576768,
                0.3922370793997418,
                -1.9217066211428444,
                -0.15556310394518563,
                -1.9170226031137887,
                0.8922579409458268,
                -1.6999605263273203,
                0.8419235519636641,
                -0.34466116441056716,
                -1.4795265504407473
            ],
            [
                0.12344133279190658,
                -0.03601518542614614,
                -2.1854678888230836,
                -3.0045178174171094,
                -2.4503674189975406,
                -0.8347553280239829,
                -2.8030417880092724,
                0.9557378194387203,
                0.6554519880257673,
                -0.66760223188016
            ],
            [
                -2.637672125006264,
                -2.31568433678382,
                -2.3957531344668173,
                -2.806888757293281,
                -2.597821287155351,
                -2.779122959290147,
                0.5947988648041299,
                0.4997841376209796,
                -1.8745074357057,
                0.8651808187132017
            ],
            [
                -0.2571369393309436,
                -0.09355561712412482,
                0.1467108908769481,
                -2.4914351137762187,
                -2.6834681326090317,
                -0.8544537935425321,
                -2.124317504687196,
                -0.4075920558223392,
                -2.5994124717357234,
                0.7028430566025146
            ],
            [
                -0.6717273527613825,
                -0.9030535921186695,
                -1.7504208594563968,
                -2.4380311257273797,
                -1.096498432259973,
                -0.2984104679120419,
                -0.5546423446931001,
                -1.619140700759289,
                0.3790089609021957,
                -1.742034142328612
            ],
            [
                -0.6402962241147738,
                -2.5247272716050597,
                0.8158081191974772,
                -1.172475821399162,
                -1.1665320877460696,
                -1.2408531107466558,
                -0.28008745148223674,
                -1.1957873219473032,
                -0.2801151999829285,
                -1.1899024266572105
            ],
            [
                -2.8674958698623576,
                -1.700049927987517,
                -0.17336319025243008,
                -2.612700341468899,
                -2.6025935580118174,
                -0.9644916351473801,
                -2.1566104656312084,
                0.4848649579556136,
                -0.2948342594511094,
                -2.707315017231955
            ],
            [
                -0.7386152540372403,
                -1.7657487482032002,
                -2.350154740692693,
                -1.0025867636641568,
                -0.12181675853201432,
                -1.4663047822911037,
                -0.8103620470152759,
                0.1106046922169266,
                0.869942271161316,
                0.6633750710038295
            ],
            [
                -2.811299973058297,
                -0.06967461968751106,
                -1.3079689960274061,
                -2.860849697244531,
                0.7802091630657285,
                0.44636146020698075,
                0.8829797432702996,
                0.10599238942137452,
                -1.178637809227097,
                -2.606076047637554
            ],
            [
                0.9820395373512896,
                -1.6043371628964915,
                -1.4091810023544504,
                0.017307020502087645,
                -0.5538222948841508,
                0.7828293738229445,
                -0.6933430742229116,
                1.0372613483480029,
                -2.2900717957895957,
                -1.6453543232598988
            ]
        ],
        [
            [
                -0.10292681487076452,
                1.0501158732632754,
                -1.009230378608504,
                1.1124025259624628,
                -0.609688056083378,
                0.47255944654704957,
                0.814178368038195,
                -1.7592269694181353,
                -1.4144136516178323,
                -0.650135910820784,
                -0.4733720701038675,
                -0.9058616792990406
            ],
            [
                -0.13464904070529507,
                -2.168485168730884,
                -2.0727808556269256,
                -2.3255504245646144,
